{
  "TARGET": 3452433.16796875,
  "CREDIT_TO_ANNUITY_RATIO": 5.384797961014567e-10,
  "AMT_REQ_CREDIT_BUREAU_MON": 9.778847575154349e-12,
  "AMT_REQ_CREDIT_BUREAU_QRT": 4.74286928412842e-13,
  "INSTAL_AMT_PAYMENT_DIFF_MIN": 6.039722262206901e-11,
  "POS_CNT_INSTALMENT_MIN": 1.2062024277195397e-12,
  "PREV_WEEKDAY_APPR_PROCESS_START_SUNDAY_MEAN": 6.2811988310520084e-12,
  "PREV_DAYS_FIRST_DRAWING_MEAN": 4.892088717553628e-12,
  "CC_AMT_DRAWINGS_ATM_CURRENT_MEAN": 5.702103588884738e-13,
  "PREV_APPLICATION_AMT_TO_DECISION_RATIO_MIN": 9.08884379945047e-12,
  "PREV_AMT_APPLICATION_MIN": 1.1375793755709427e-11,
  "CC_AMT_DRAWINGS_ATM_CURRENT_VAR": 2.389553918725687e-11,
  "INS_D365AMT_PAYMENT_DIFF_MAX": 1.4779273616559452e-11,
  "CC_AMT_DRAWINGS_CURRENT_VAR": 6.821209992246419e-13,
  "PREV_CODE_REJECT_REASON_SCO_MEAN": 1.81899005406716e-12,
  "OCCUPATION_TYPE_CORESTAFF": 0.0,
  "PREV_NAME_PORTFOLIO_XNA_MEAN": 3.63798010813432e-12,
  "FLAG_DOCUMENT_18": 0.0,
  "CC_AMT_DRAWINGS_ATM_CURRENT_SUM": 2.2204500197172533e-16,
  "FLAG_WORK_PHONE": 0.0,
  "NONLIVINGAPARTMENTS_AVG": 2.7293732590969236e-12,
  "CC_AMT_DRAWINGS_ATM_CURRENT_MAX": 6.847855372365993e-13,
  "PREV_CODE_REJECT_REASON_LIMIT_MEAN": 0.0,
  "CC_CNT_DRAWINGS_ATM_CURRENT_SUM": 0.0,
  "INS_D365NUM_INSTALMENT_VERSION_NUNIQUE": 0.0,
  "FLAG_PHONE": 8.881779961836516e-16,
  "WALLSMATERIAL_MODE_PANEL": 0.0,
  "PREV_CODE_REJECT_REASON_CLIENT_MEAN": 0.0,
  "CC_MIN_PAYMENT_RATIO_SUM": 6.821209992246419e-13,
  "PREV_CODE_REJECT_REASON_HC_MEAN": 9.0949502703358e-13,
  "CC_CNT_DRAWINGS_CURRENT_MAX": 0.0,
  "PREV_WEEKDAY_APPR_PROCESS_START_SATURDAY_MEAN": 2.0463640547710438e-12,
  "INS_D365AMT_PAYMENT_DIFF_MEAN": 0.0,
  "CC_AMT_DRAWINGS_POS_CURRENT_MAX": 5.684339853201728e-14,
  "CC_CNT_DRAWING_SUM_MAX": 5.719867089516104e-13,
  "INS_D365AMT_PAYMENT_RATIO_MIN": 0.0,
  "AMT_REQ_CREDIT_BUREAU_YEAR": 0.0,
  "CC_AMT_CREDIT_LIMIT_ACTUAL_VAR": 4.689589018627488e-13,
  "CC_CNT_DRAWINGS_ATM_CURRENT_VAR": 0.0,
  "CC_AMT_PAYMENT_CURRENT_MAX": 0.0,
  "OCCUPATION_TYPE_DRIVERS": 0.0,
  "CC_AMT_INTEREST_RECEIVABLE_VAR": 1.47792902590628e-12,
  "PREV_WEEKDAY_APPR_PROCESS_START_FRIDAY_MEAN": 1.7763600157738027e-15,
  "POS_COMPLETED_BEFORE_MEAN": 0.0,
  "ENTRANCES_AVG": 7.105429898699844e-15,
  "PREV_DAYS_LAST_DUE_MAX": 9.24594061015515e-13,
  "PREV_WEEKDAY_APPR_PROCESS_START_WEDNESDAY_MEAN": 9.0949502703358e-13,
  "REG_CITY_NOT_LIVE_CITY": 0.0,
  "PREV_WEEKDAY_APPR_PROCESS_START_TUESDAY_MEAN": 2.2204500197172533e-16,
  "YEARS_BUILD_AVG": 0.0,
  "CC_AMT_DRAWINGS_CURRENT_SUM": 2.273740007038838e-13,
  "OCCUPATION_TYPE_LABORERS": 0.0,
  "PREV_CODE_REJECT_REASON_SCOFR_MEAN": 0.0,
  "POS_SK_DPD_MEAN": 5.684339853201728e-14,
  "INS_D365AMT_PAYMENT_DIFF_MIN": 9.099391160316718e-13,
  "OCCUPATION_TYPE_ACCOUNTANTS": 0.0,
  "CC_CNT_DRAWINGS_ATM_CURRENT_MAX": 0.0,
  "PREV_INTEREST_CREDIT_MEAN": 0.0,
  "PREV_NAME_CONTRACT_STATUS_LAST": 0.0,
  "WEEKDAY_APPR_PROCESS_START_SATURDAY": 0.0,
  "CC_SK_DPD_DEF_MAX": 0.0,
  "CC_AMT_INST_MIN_REGULARITY_MIN": 0.0,
  "CC_SK_ID_PREV_VAR": 0.0,
  "WEEKDAY_APPR_PROCESS_START_THURSDAY": 0.0,
  "NAME_TYPE_SUITE_SPOUSEPARTNER": 0.0,
  "NAME_FAMILY_STATUS_CIVILMARRIAGE": 0.0,
  "NAME_TYPE_SUITE_UNACCOMPANIED": 0.0,
  "OCCUPATION_TYPE_MANAGERS": 0.0,
  "PREV_NFLAG_INSURED_ON_APPROVAL_SUM": 0.0,
  "PREV_INTEREST_CREDIT_PRIVILEGED_MEAN": 0.0,
  "CC_AMT_DRAWINGS_CURRENT_MIN": 0.0,
  "FLAG_EMAIL": 0.0,
  "FLAG_OWN_REALTY": 0.0,
  "CC_CNT_DRAWINGS_OTHER_CURRENT_VAR": 0.0,
  "OCCUPATION_TYPE_CLEANINGSTAFF": 0.0,
  "PREV_NFLAG_LAST_APPL_IN_DAY_MEAN": 0.0,
  "NAME_HOUSING_TYPE_WITHPARENTS": 0.0,
  "CC_CNT_DRAWINGS_CURRENT_MIN": 0.0,
  "WEEKDAY_APPR_PROCESS_START_TUESDAY": 0.0,
  "HOUSETYPE_MODE_SPECIFICHOUSING": 0.0,
  "EXT_SOURCE_3": 1.4921423116060406e-13,
  "REG_CITY_NOT_WORK_CITY": 0.0,
  "NAME_HOUSING_TYPE_RENTEDAPARTMENT": 0.0,
  "CC_AMT_DRAWINGS_CURRENT_MEAN": 0.0,
  "CC_AMT_DRAWINGS_OTHER_CURRENT_MAX": 0.0,
  "FLOORSMIN_AVG": 0.0,
  "CC_BALANCE_LIMIT_RATIO_MIN": 0.0,
  "CC_SK_DPD_MAX": 0.0,
  "PREV_FLAG_LAST_APPL_PER_CONTRACT_SUM": 0.0,
  "OCCUPATION_TYPE_HIGHSKILLTECHSTAFF": 0.0,
  "CC_AMT_INTEREST_RECEIVABLE_MIN": 4.440889980918258e-16,
  "NAME_HOUSING_TYPE_OFFICEAPARTMENT": 0.0,
  "CC_AMT_CREDIT_LIMIT_ACTUAL_MAX": 0.0,
  "CC_AMT_CREDIT_LIMIT_ACTUAL_MIN": 0.0,
  "POS_CNT_INSTALMENT_FUTURE_MIN": 0.0,
  "CC_AMT_BALANCE_MIN": 0.0,
  "OCCUPATION_TYPE_LOWSKILLLABORERS": 0.0,
  "OCCUPATION_TYPE_NAN": 0.0,
  "WEEKDAY_APPR_PROCESS_START_WEDNESDAY": 0.0,
  "CC_AMT_BALANCE_SUM": 0.0,
  "CNT_CHILDREN": 0.0,
  "OCCUPATION_TYPE_MEDICINESTAFF": 0.0,
  "CC_AMT_DRAWINGS_POS_CURRENT_MIN": 0.0,
  "PREV_CODE_REJECT_REASON_VERIF_MEAN": 0.0,
  "FLAG_DOCUMENT_11": 0.0,
  "WEEKDAY_APPR_PROCESS_START_SUNDAY": 0.0,
  "CC_MONTHS_BALANCE_MAX": 0.0,
  "OCCUPATION_TYPE_SALESSTAFF": 0.0,
  "CC_MIN_PAYMENT_RATIO_MEAN": 0.0,
  "PREV_NAME_YIELD_GROUP_LAST": 0.0,
  "POS_LATE_PAYMENT_MEAN": 3.694823506666337e-12,
  "INS_D365AMT_INSTALMENT_SUM": 4.5474699852075806e-13,
  "INSTAL_DAYS_INSTALMENT_MAX": 4.65406131644499e-13,
  "PREV_SELLERPLACE_AREA_MEAN": 2.273740007038838e-13,
  "INS_D365DAYS_PAYMENT_DIFF_MEAN": 2.273740007038838e-13,
  "PREV_DAYS_DECISION_MAX": 3.1974409344919115e-14,
  "CODE_GENDER": 0.0,
  "PREV_ANNUITY_GOODS_MEAN": 0.0,
  "PREV_INTEREST_SHARE_MEAN": 0.0,
  "INSTAL_NUM_INSTALMENT_VERSION_MEAN": 3.63798010813432e-12,
  "POS_CNT_INSTALMENT_MEAN": 2.273740007038838e-13,
  "PREV_AMT_ANNUITY_MIN": 1.136870003519419e-13,
  "PREV_AMT_DOWN_PAYMENT_MEAN": 0.0,
  "INS_D365AMT_INSTALMENT_MEAN": 5.4569699453610454e-12,
  "INSTAL_AMT_PAYMENT_DIFF_MEAN": 0.0,
  "AMT_INCOME_TOTAL": 0.0,
  "PREV_APPLICATION_AMT_TO_DECISION_RATIO_MEAN": 1.81899005406716e-12,
  "PREV_NAME_CONTRACT_STATUS_MEAN": 9.0949502703358e-13,
  "PREV_AMT_CREDIT_GOODS_RATIO_MIN": 1.136870003519419e-13,
  "EXT_SOURCE_1": 5.551119755337213e-17,
  "PREV_AMT_CREDIT_GOODS_RATIO_MAX": 0.0,
  "DAYS_BIRTH": 1.7763600157738027e-15,
  "INSTAL_DAYS_PAYMENT_DIFF_MEAN": 0.0,
  "PREV_AMT_ANNUITY_SUM": 0.0,
  "OWN_CAR_AGE": 0.0,
  "PREV_LOAN_RATE_MAX": 0.0,
  "PREV_AMT_ANNUITY_MEAN": 1.136870003519419e-13,
  "INCOME_TO_CREDIT_RATIO": 1.7763600157738027e-15,
  "PREV_SELLERPLACE_AREA_MAX": 0.0,
  "INSTAL_DAYS_PAYMENT_DIFF_MAX": 0.0,
  "AMT_ANNUITY": 9.0949502703358e-13,
  "PREV_INTEREST_SHARE_MAX": 0.0,
  "DAYS_ID_PUBLISH": 9.0949502703358e-13,
  "INSTAL_DAYS_PAYMENT_RATIO_MAX": 0.0,
  "DAYS_EMPLOYED": 0.0,
  "POS_REMAINING_INSTALMENTS": 0.0,
  "INSTAL_AMT_INSTALMENT_SUM": 0.0,
  "AMT_CREDIT": 0.0,
  "ANNUITY_INCOME_PERC": 1.1368690277374638e-12,
  "INSTAL_DAYS_INSTALMENT_MIN": 3.552710078910475e-15,
  "POS_MONTHS_BALANCE_SIZE": 0.0,
  "REGION_POPULATION_RELATIVE": 0.0,
  "INSTAL_AMT_INSTALMENT_MAX": 0.0,
  "PREV_AMT_CREDIT_GOODS_RATIO_MEAN": 0.0,
  "INS_D365DAYS_PAYMENT_DIFF_MIN": 0.0,
  "DAYS_REGISTRATION": 0.0,
  "INSTAL_DAYS_PAYMENT_RATIO_MIN": 0.0,
  "DAYS_LAST_PHONE_CHANGE": 0.0,
  "LIVINGAPARTMENTS_AVG": 0.0,
  "PREV_AMT_APPLICATION_TO_SELLERPLACE_AREA_MEAN": 0.0,
  "INSTAL_NUM_INSTALMENT_VERSION_SUM": 0.0,
  "PREV_HOUR_APPR_PROCESS_START_MEAN": 0.0,
  "INSTAL_DAYS_PAYMENT_RATIO_MEAN": 0.0,
  "PREV_DAYS_FIRST_DUE_MEAN": 0.0,
  "YEARS_BEGINEXPLUATATION_AVG": 0.0,
  "APARTMENTS_AVG": 7.27596021626864e-12,
  "BASEMENTAREA_AVG": 0.0,
  "INS_D365SK_ID_CURR_COUNT": 0.0,
  "NAME_FAMILY_STATUS_MARRIED": 0.0,
  "CC_BALANCE_LIMIT_RATIO_MAX": 0.0,
  "HOUR_APPR_PROCESS_START": 0.0,
  "CC_AMT_CREDIT_LIMIT_ACTUAL_SUM": 0.0,
  "CC_SK_ID_PREV_MIN": 0.0,
  "POS_TOTAL_TERM_LAST": 0.0,
  "FLOORSMAX_AVG": 0.0,
  "DEF_30_CNT_SOCIAL_CIRCLE": 0.0,
  "NONLIVINGAREA_AVG": 0.0,
  "POS_SK_DPD_DEF_MEAN": 0.0,
  "PREV_CODE_REJECT_REASON_XAP_MEAN": 0.0,
  "FLAG_OWN_CAR": 0.0,
  "INS_D365AMT_PAYMENT_RATIO_MEAN": 0.0,
  "PREV_WEEKDAY_APPR_PROCESS_START_MONDAY_MEAN": 5.684339853201728e-14,
  "PREV_AMT_CREDIT_GOODS_DIFF_SUM": 0.0,
  "NAME_CONTRACT_TYPE": 0.0,
  "PREV_INTEREST_SHARE_MIN": 0.0,
  "INSTAL_AMT_PAYMENT_RATIO_MIN": 0.0,
  "INSTAL_AMT_PAYMENT_DIFF_MAX": 0.0,
  "CC_MIN_PAYMENT_RATIO_MAX": 0.0,