{
  "SK_ID_CURR": 2302.1332018375397,
  "CREDIT_TO_ANNUITY_RATIO": 3520.5140686035156,
  "AMT_REQ_CREDIT_BUREAU_MON": 82.51578044891357,
  "AMT_REQ_CREDIT_BUREAU_QRT": 142.44334816932678,
  "INSTAL_AMT_PAYMENT_DIFF_MIN": 208.72067093849182,
  "POS_CNT_INSTALMENT_MIN": 327.3459289073944,
  "PREV_WEEKDAY_APPR_PROCESS_START_SUNDAY_MEAN": 587.18761074543,
  "PREV_DAYS_FIRST_DRAWING_MEAN": 186.89365947246552,
  "CC_AMT_DRAWINGS_ATM_CURRENT_MEAN": 228.20756220817566,
  "PREV_APPLICATION_AMT_TO_DECISION_RATIO_MIN": 571.4570120573044,
  "PREV_AMT_APPLICATION_MIN": 543.028147816658,
  "CC_AMT_DRAWINGS_ATM_CURRENT_VAR": 141.54635095596313,
  "INS_D365AMT_PAYMENT_DIFF_MAX": 362.90335977077484,
  "CC_AMT_DRAWINGS_CURRENT_VAR": 179.18210995197296,
  "PREV_CODE_REJECT_REASON_SCO_MEAN": 207.75023198127747,
  "OCCUPATION_TYPE_CORESTAFF": 120.13181102275848,
  "PREV_NAME_PORTFOLIO_XNA_MEAN": 326.02681851387024,
  "FLAG_DOCUMENT_18": 58.53830099105835,
  "CC_AMT_DRAWINGS_ATM_CURRENT_SUM": 138.8395688533783,
  "FLAG_WORK_PHONE": 148.83127975463867,
  "NONLIVINGAPARTMENTS_AVG": 269.41159069538116,
  "CC_AMT_DRAWINGS_ATM_CURRENT_MAX": 177.11037874221802,
  "PREV_CODE_REJECT_REASON_LIMIT_MEAN": 255.0105619430542,
  "CC_CNT_DRAWINGS_ATM_CURRENT_SUM": 73.26214957237244,
  "INS_D365NUM_INSTALMENT_VERSION_NUNIQUE": 137.61623883247375,
  "FLAG_PHONE": 106.42914938926697,
  "WALLSMATERIAL_MODE_PANEL": 92.03477191925049,
  "PREV_CODE_REJECT_REASON_CLIENT_MEAN": 248.15840089321136,
  "CC_MIN_PAYMENT_RATIO_SUM": 281.1685609817505,
  "PREV_CODE_REJECT_REASON_HC_MEAN": 559.4441094398499,
  "CC_CNT_DRAWINGS_CURRENT_MAX": 128.44474875926971,
  "PREV_WEEKDAY_APPR_PROCESS_START_SATURDAY_MEAN": 572.4784898757935,
  "INS_D365AMT_PAYMENT_DIFF_MEAN": 393.0200902223587,
  "CC_AMT_DRAWINGS_POS_CURRENT_MAX": 280.0035797357559,
  "CC_CNT_DRAWING_SUM_MAX": 303.30544090270996,
  "INS_D365AMT_PAYMENT_RATIO_MIN": 249.2753884792328,
  "AMT_REQ_CREDIT_BUREAU_YEAR": 414.3775613307953,
  "CC_AMT_CREDIT_LIMIT_ACTUAL_VAR": 364.6724705696106,
  "CC_CNT_DRAWINGS_ATM_CURRENT_VAR": 405.58105421066284,
  "CC_AMT_PAYMENT_CURRENT_MAX": 301.7470018863678,
  "OCCUPATION_TYPE_DRIVERS": 90.86279058456421,
  "CC_AMT_INTEREST_RECEIVABLE_VAR": 337.41040802001953,
  "PREV_WEEKDAY_APPR_PROCESS_START_FRIDAY_MEAN": 478.47253239154816,
  "POS_COMPLETED_BEFORE_MEAN": 204.41200971603394,
  "ENTRANCES_AVG": 349.7730085849762,
  "PREV_DAYS_LAST_DUE_MAX": 366.74902963638306,
  "PREV_WEEKDAY_APPR_PROCESS_START_WEDNESDAY_MEAN": 506.92201685905457,
  "REG_CITY_NOT_LIVE_CITY": 179.94347977638245,
  "PREV_WEEKDAY_APPR_PROCESS_START_TUESDAY_MEAN": 669.3215684890747,
  "YEARS_BUILD_AVG": 467.61055994033813,
  "CC_AMT_DRAWINGS_CURRENT_SUM": 85.35153913497925,
  "OCCUPATION_TYPE_LABORERS": 185.2439386844635,
  "PREV_CODE_REJECT_REASON_SCOFR_MEAN": 212.14298057556152,
  "POS_SK_DPD_MEAN": 204.26679956912994,
  "INS_D365AMT_PAYMENT_DIFF_MIN": 251.4228913784027,
  "OCCUPATION_TYPE_ACCOUNTANTS": 75.52625060081482,
  "CC_CNT_DRAWINGS_ATM_CURRENT_MAX": 79.2519394159317,
  "PREV_INTEREST_CREDIT_MEAN": 102.26531028747559,
  "PREV_NAME_CONTRACT_STATUS_LAST": 124.43688917160034,
  "WEEKDAY_APPR_PROCESS_START_SATURDAY": 71.462890625,
  "CC_SK_DPD_DEF_MAX": 32.629589796066284,
  "CC_AMT_INST_MIN_REGULARITY_MIN": 56.25798010826111,
  "CC_SK_ID_PREV_VAR": 28.47154974937439,
  "WEEKDAY_APPR_PROCESS_START_THURSDAY": 121.58099031448364,
  "NAME_TYPE_SUITE_SPOUSEPARTNER": 84.2252082824707,
  "NAME_FAMILY_STATUS_CIVILMARRIAGE": 90.7659604549408,
  "NAME_TYPE_SUITE_UNACCOMPANIED": 70.09379196166992,
  "OCCUPATION_TYPE_MANAGERS": 54.333059787750244,
  "PREV_NFLAG_INSURED_ON_APPROVAL_SUM": 244.13145208358765,
  "PREV_INTEREST_CREDIT_PRIVILEGED_MEAN": 85.05104994773865,
  "CC_AMT_DRAWINGS_CURRENT_MIN": 29.195129871368408,
  "FLAG_EMAIL": 35.91016960144043,
  "FLAG_OWN_REALTY": 92.50744104385376,
  "CC_CNT_DRAWINGS_OTHER_CURRENT_VAR": 88.85257041454315,
  "OCCUPATION_TYPE_CLEANINGSTAFF": 39.58549928665161,
  "PREV_NFLAG_LAST_APPL_IN_DAY_MEAN": 68.8368501663208,
  "NAME_HOUSING_TYPE_WITHPARENTS": 63.2113299369812,
  "CC_CNT_DRAWINGS_CURRENT_MIN": 18.402509689331055,
  "WEEKDAY_APPR_PROCESS_START_TUESDAY": 123.77729892730713,
  "HOUSETYPE_MODE_SPECIFICHOUSING": 4.56673002243042,
  "EXT_SOURCE_3": 9350.97817158699,
  "REG_CITY_NOT_WORK_CITY": 115.79500961303711,
  "NAME_HOUSING_TYPE_RENTEDAPARTMENT": 90.29492974281311,
  "CC_AMT_DRAWINGS_CURRENT_MEAN": 186.41704034805298,
  "CC_AMT_DRAWINGS_OTHER_CURRENT_MAX": 110.87190008163452,
  "FLOORSMIN_AVG": 255.44057109951973,
  "CC_BALANCE_LIMIT_RATIO_MIN": 97.10097932815552,
  "CC_SK_DPD_MAX": 48.91077935695648,
  "PREV_FLAG_LAST_APPL_PER_CONTRACT_SUM": 279.12724936008453,
  "OCCUPATION_TYPE_HIGHSKILLTECHSTAFF": 98.42804050445557,
  "CC_AMT_INTEREST_RECEIVABLE_MIN": 211.23232750408351,
  "NAME_HOUSING_TYPE_OFFICEAPARTMENT": 27.95719027519226,
  "CC_AMT_CREDIT_LIMIT_ACTUAL_MAX": 134.42204070091248,
  "CC_AMT_CREDIT_LIMIT_ACTUAL_MIN": 89.16322040557861,
  "POS_CNT_INSTALMENT_FUTURE_MIN": 81.55199980735779,
  "CC_AMT_BALANCE_MIN": 119.98504209518433,
  "OCCUPATION_TYPE_LOWSKILLLABORERS": 61.311240673065186,
  "OCCUPATION_TYPE_NAN": 44.26430940628052,
  "WEEKDAY_APPR_PROCESS_START_WEDNESDAY": 126.38448023796082,
  "CC_AMT_BALANCE_SUM": 207.33166098594666,
  "CNT_CHILDREN": 243.05197858810425,
  "OCCUPATION_TYPE_MEDICINESTAFF": 34.33769965171814,
  "CC_AMT_DRAWINGS_POS_CURRENT_MIN": 66.82609844207764,
  "PREV_CODE_REJECT_REASON_VERIF_MEAN": 70.32040011882782,
  "FLAG_DOCUMENT_11": 14.309359550476074,
  "WEEKDAY_APPR_PROCESS_START_SUNDAY": 41.91929006576538,
  "CC_MONTHS_BALANCE_MAX": 33.40800070762634,
  "OCCUPATION_TYPE_SALESSTAFF": 89.43298053741455,
  "CC_MIN_PAYMENT_RATIO_MEAN": 249.31580114364624,
  "PREV_NAME_YIELD_GROUP_LAST": 185.94604814052582,
  "POS_LATE_PAYMENT_MEAN": 359.89564967155457,
  "INS_D365AMT_INSTALMENT_SUM": 851.7203675508499,
  "INSTAL_DAYS_INSTALMENT_MAX": 1149.3433372974396,
  "PREV_SELLERPLACE_AREA_MEAN": 1415.5541669130325,
  "INS_D365DAYS_PAYMENT_DIFF_MEAN": 949.8343427181244,
  "PREV_DAYS_DECISION_MAX": 1506.2796722650528,
  "CODE_GENDER": 773.4334743022919,
  "PREV_ANNUITY_GOODS_MEAN": 1195.2716159150004,
  "PREV_INTEREST_SHARE_MEAN": 1142.6484755277634,
  "INSTAL_NUM_INSTALMENT_VERSION_MEAN": 733.6376298666,
  "POS_CNT_INSTALMENT_MEAN": 1017.9958418607712,
  "PREV_AMT_ANNUITY_MIN": 1093.8962594270706,
  "PREV_AMT_DOWN_PAYMENT_MEAN": 884.358029127121,
  "INS_D365AMT_INSTALMENT_MEAN": 929.5174100399017,
  "INSTAL_AMT_PAYMENT_DIFF_MEAN": 719.2621887922287,
  "AMT_INCOME_TOTAL": 1040.0141228437424,
  "PREV_APPLICATION_AMT_TO_DECISION_RATIO_MEAN": 1335.268018603325,
  "PREV_NAME_CONTRACT_STATUS_MEAN": 885.9400260448456,
  "PREV_AMT_CREDIT_GOODS_RATIO_MIN": 1057.4345536231995,
  "EXT_SOURCE_1": 3186.529406785965,
  "PREV_AMT_CREDIT_GOODS_RATIO_MAX": 932.2747089862823,
  "DAYS_BIRTH": 2737.9337519407272,
  "INSTAL_DAYS_PAYMENT_DIFF_MEAN": 1145.5881913900375,
  "PREV_AMT_ANNUITY_SUM": 913.6924877166748,
  "OWN_CAR_AGE": 966.0102427005768,
  "PREV_LOAN_RATE_MAX": 1132.504009962082,
  "PREV_AMT_ANNUITY_MEAN": 1110.8982586860657,
  "INCOME_TO_CREDIT_RATIO": 1421.2731577157974,
  "PREV_SELLERPLACE_AREA_MAX": 1140.5386710166931,
  "INSTAL_DAYS_PAYMENT_DIFF_MAX": 1296.0119961500168,
  "AMT_ANNUITY": 1819.3877429962158,
  "PREV_INTEREST_SHARE_MAX": 2107.352968454361,
  "DAYS_ID_PUBLISH": 2047.034372329712,
  "INSTAL_DAYS_PAYMENT_RATIO_MAX": 1791.3344655036926,
  "DAYS_EMPLOYED": 2627.7197009325027,
  "POS_REMAINING_INSTALMENTS": 980.0661063194275,
  "INSTAL_AMT_INSTALMENT_SUM": 1527.7631565332413,
  "AMT_CREDIT": 1341.2194143533707,
  "ANNUITY_INCOME_PERC": 1656.2406197786331,
  "INSTAL_DAYS_INSTALMENT_MIN": 1081.6133041381836,
  "POS_MONTHS_BALANCE_SIZE": 1376.3566370010376,
  "REGION_POPULATION_RELATIVE": 1592.9680457115173,
  "INSTAL_AMT_INSTALMENT_MAX": 1374.7759717702866,
  "PREV_AMT_CREDIT_GOODS_RATIO_MEAN": 1038.8254421949387,
  "INS_D365DAYS_PAYMENT_DIFF_MIN": 922.1374996900558,