{
  "CREDIT_TO_ANNUITY_RATIO": 3511.8085721731186,
  "AMT_REQ_CREDIT_BUREAU_MON": 116.49317073822021,
  "AMT_REQ_CREDIT_BUREAU_QRT": 187.00291979312897,
  "INSTAL_AMT_PAYMENT_DIFF_MIN": 139.2827389240265,
  "POS_CNT_INSTALMENT_MIN": 490.9665800333023,
  "PREV_WEEKDAY_APPR_PROCESS_START_SUNDAY_MEAN": 536.1352390050888,
  "PREV_DAYS_FIRST_DRAWING_MEAN": 252.51863944530487,
  "CC_AMT_DRAWINGS_ATM_CURRENT_MEAN": 219.63465189933777,
  "PREV_APPLICATION_AMT_TO_DECISION_RATIO_MIN": 649.075140953064,
  "PREV_AMT_APPLICATION_MIN": 374.50473868846893,
  "CC_AMT_DRAWINGS_ATM_CURRENT_VAR": 123.73426914215088,
  "INS_D365AMT_PAYMENT_DIFF_MAX": 318.3333406448364,
  "CC_AMT_DRAWINGS_CURRENT_VAR": 255.5085904598236,
  "PREV_CODE_REJECT_REASON_SCO_MEAN": 188.24556028842926,
  "OCCUPATION_TYPE_CORESTAFF": 114.26170134544373,
  "PREV_NAME_PORTFOLIO_XNA_MEAN": 334.9768707752228,
  "FLAG_DOCUMENT_18": 44.523799896240234,
  "CC_AMT_DRAWINGS_ATM_CURRENT_SUM": 145.63123510032892,
  "FLAG_WORK_PHONE": 201.09311938285828,
  "NONLIVINGAPARTMENTS_AVG": 247.9211883544922,
  "CC_AMT_DRAWINGS_ATM_CURRENT_MAX": 119.65282183885574,
  "PREV_CODE_REJECT_REASON_LIMIT_MEAN": 371.8598599433899,
  "CC_CNT_DRAWINGS_ATM_CURRENT_SUM": 124.89135932922363,
  "INS_D365NUM_INSTALMENT_VERSION_NUNIQUE": 215.46489834785461,
  "FLAG_PHONE": 168.37730884552002,
  "WALLSMATERIAL_MODE_PANEL": 94.39697098731995,
  "PREV_CODE_REJECT_REASON_CLIENT_MEAN": 159.00464928150177,
  "CC_MIN_PAYMENT_RATIO_SUM": 183.83534860610962,
  "PREV_CODE_REJECT_REASON_HC_MEAN": 554.2123711109161,
  "CC_CNT_DRAWINGS_CURRENT_MAX": 228.09567761421204,
  "PREV_WEEKDAY_APPR_PROCESS_START_SATURDAY_MEAN": 492.54634940624237,
  "INS_D365AMT_PAYMENT_DIFF_MEAN": 426.7499990463257,
  "CC_AMT_DRAWINGS_POS_CURRENT_MAX": 217.51480984687805,
  "CC_CNT_DRAWING_SUM_MAX": 299.4140099287033,
  "INS_D365AMT_PAYMENT_RATIO_MIN": 317.8086677789688,
  "AMT_REQ_CREDIT_BUREAU_YEAR": 369.70596396923065,
  "CC_AMT_CREDIT_LIMIT_ACTUAL_VAR": 291.80012130737305,
  "CC_CNT_DRAWINGS_ATM_CURRENT_VAR": 356.48335337638855,
  "CC_AMT_PAYMENT_CURRENT_MAX": 254.0296607017517,
  "OCCUPATION_TYPE_DRIVERS": 107.42407011985779,
  "CC_AMT_INTEREST_RECEIVABLE_VAR": 222.37175941467285,
  "PREV_WEEKDAY_APPR_PROCESS_START_FRIDAY_MEAN": 644.517538189888,
  "POS_COMPLETED_BEFORE_MEAN": 156.67136979103088,
  "ENTRANCES_AVG": 468.48529732227325,
  "PREV_DAYS_LAST_DUE_MAX": 452.7460095882416,
  "PREV_WEEKDAY_APPR_PROCESS_START_WEDNESDAY_MEAN": 540.8129925727844,
  "REG_CITY_NOT_LIVE_CITY": 142.641508102417,
  "PREV_WEEKDAY_APPR_PROCESS_START_TUESDAY_MEAN": 756.2870588302612,
  "YEARS_BUILD_AVG": 582.2293317317963,
  "CC_AMT_DRAWINGS_CURRENT_SUM": 162.9491093158722,
  "OCCUPATION_TYPE_LABORERS": 167.21265816688538,
  "PREV_CODE_REJECT_REASON_SCOFR_MEAN": 193.07948100566864,
  "POS_SK_DPD_MEAN": 235.463711977005,
  "INS_D365AMT_PAYMENT_DIFF_MIN": 226.46823024749756,
  "OCCUPATION_TYPE_ACCOUNTANTS": 59.596360206604004,
  "CC_CNT_DRAWINGS_ATM_CURRENT_MAX": 101.8966201543808,
  "PREV_INTEREST_CREDIT_MEAN": 62.00475001335144,
  "PREV_NAME_CONTRACT_STATUS_LAST": 94.24648189544678,
  "WEEKDAY_APPR_PROCESS_START_SATURDAY": 56.08518934249878,
  "CC_SK_DPD_DEF_MAX": 41.1600399017334,
  "CC_AMT_INST_MIN_REGULARITY_MIN": 53.85891032218933,
  "CC_SK_ID_PREV_VAR": 44.81882953643799,
  "WEEKDAY_APPR_PROCESS_START_THURSDAY": 83.28890895843506,
  "NAME_TYPE_SUITE_SPOUSEPARTNER": 54.767590045928955,
  "NAME_FAMILY_STATUS_CIVILMARRIAGE": 85.5612804889679,
  "NAME_TYPE_SUITE_UNACCOMPANIED": 137.8200716972351,
  "OCCUPATION_TYPE_MANAGERS": 72.49773025512695,
  "PREV_NFLAG_INSURED_ON_APPROVAL_SUM": 213.97191059589386,
  "PREV_INTEREST_CREDIT_PRIVILEGED_MEAN": 102.80138945579529,
  "CC_AMT_DRAWINGS_CURRENT_MIN": 55.393128395080566,
  "FLAG_EMAIL": 44.24298024177551,
  "FLAG_OWN_REALTY": 88.9323216676712,
  "CC_CNT_DRAWINGS_OTHER_CURRENT_VAR": 115.04650044441223,
  "OCCUPATION_TYPE_CLEANINGSTAFF": 54.82096004486084,
  "PREV_NFLAG_LAST_APPL_IN_DAY_MEAN": 57.06004047393799,
  "NAME_HOUSING_TYPE_WITHPARENTS": 44.72512984275818,
  "CC_CNT_DRAWINGS_CURRENT_MIN": 0.0,
  "WEEKDAY_APPR_PROCESS_START_TUESDAY": 46.642799615859985,
  "HOUSETYPE_MODE_SPECIFICHOUSING": 27.83456039428711,
  "EXT_SOURCE_3": 9247.464658021927,
  "REG_CITY_NOT_WORK_CITY": 101.6576600074768,
  "NAME_HOUSING_TYPE_RENTEDAPARTMENT": 49.65006971359253,
  "CC_AMT_DRAWINGS_CURRENT_MEAN": 131.84983921051025,
  "CC_AMT_DRAWINGS_OTHER_CURRENT_MAX": 81.36302995681763,
  "FLOORSMIN_AVG": 464.3968952894211,
  "CC_BALANCE_LIMIT_RATIO_MIN": 155.80115008354187,
  "CC_SK_DPD_MAX": 47.351341009140015,
  "PREV_FLAG_LAST_APPL_PER_CONTRACT_SUM": 176.83379924297333,
  "OCCUPATION_TYPE_HIGHSKILLTECHSTAFF": 87.52593088150024,
  "CC_AMT_INTEREST_RECEIVABLE_MIN": 176.64116978645325,
  "NAME_HOUSING_TYPE_OFFICEAPARTMENT": 38.72843015193939,
  "CC_AMT_CREDIT_LIMIT_ACTUAL_MAX": 105.65778017044067,
  "CC_AMT_CREDIT_LIMIT_ACTUAL_MIN": 140.52015113830566,
  "POS_CNT_INSTALMENT_FUTURE_MIN": 116.81663036346436,
  "CC_AMT_BALANCE_MIN": 95.96765053272247,
  "OCCUPATION_TYPE_LOWSKILLLABORERS": 66.42866086959839,
  "OCCUPATION_TYPE_NAN": 38.00495934486389,
  "WEEKDAY_APPR_PROCESS_START_WEDNESDAY": 40.98275971412659,
  "CC_AMT_BALANCE_SUM": 128.83941888809204,
  "CNT_CHILDREN": 274.53907012939453,
  "OCCUPATION_TYPE_MEDICINESTAFF": 38.943729400634766,
  "CC_AMT_DRAWINGS_POS_CURRENT_MIN": 66.35412836074829,
  "PREV_CODE_REJECT_REASON_VERIF_MEAN": 61.10946023464203,
  "FLAG_DOCUMENT_11": 5.947649955749512,
  "WEEKDAY_APPR_PROCESS_START_SUNDAY": 29.699429512023926,
  "CC_MONTHS_BALANCE_MAX": 50.7293598651886,
  "OCCUPATION_TYPE_SALESSTAFF": 86.8079708814621,
  "CC_MIN_PAYMENT_RATIO_MEAN": 170.68140935897827,
  "PREV_NAME_YIELD_GROUP_LAST": 157.80832087993622,
  "POS_LATE_PAYMENT_MEAN": 363.12005853652954,
  "INS_D365AMT_INSTALMENT_SUM": 828.3091605901718,
  "INSTAL_DAYS_INSTALMENT_MAX": 1118.9405472278595,
  "PREV_SELLERPLACE_AREA_MEAN": 1374.1695210933685,
  "INS_D365DAYS_PAYMENT_DIFF_MEAN": 1063.5819058418274,
  "PREV_DAYS_DECISION_MAX": 1197.546138048172,
  "CODE_GENDER": 792.7250442504883,
  "PREV_ANNUITY_GOODS_MEAN": 1153.1608135700226,
  "PREV_INTEREST_SHARE_MEAN": 1147.1914961338043,
  "INSTAL_NUM_INSTALMENT_VERSION_MEAN": 765.5831508636475,
  "POS_CNT_INSTALMENT_MEAN": 1093.8830802440643,
  "PREV_AMT_ANNUITY_MIN": 906.6934607028961,
  "PREV_AMT_DOWN_PAYMENT_MEAN": 913.4593641757965,
  "INS_D365AMT_INSTALMENT_MEAN": 916.9522440433502,
  "INSTAL_AMT_PAYMENT_DIFF_MEAN": 550.5568212270737,
  "AMT_INCOME_TOTAL": 929.0284205675125,
  "PREV_APPLICATION_AMT_TO_DECISION_RATIO_MEAN": 1276.9189801216125,
  "PREV_NAME_CONTRACT_STATUS_MEAN": 884.8554136753082,
  "PREV_AMT_CREDIT_GOODS_RATIO_MIN": 1247.5660560131073,
  "EXT_SOURCE_1": 3296.563642859459,
  "PREV_AMT_CREDIT_GOODS_RATIO_MAX": 964.8119328022003,
  "DAYS_BIRTH": 2737.978837490082,
  "INSTAL_DAYS_PAYMENT_DIFF_MEAN": 1237.7066847085953,
  "PREV_AMT_ANNUITY_SUM": 912.0656921863556,
  "OWN_CAR_AGE": 844.2436053752899,
  "PREV_LOAN_RATE_MAX": 1008.0043754577637,
  "PREV_AMT_ANNUITY_MEAN": 999.9051606655121,
  "INCOME_TO_CREDIT_RATIO": 1536.434249162674,
  "PREV_SELLERPLACE_AREA_MAX": 1128.1559014320374,
  "INSTAL_DAYS_PAYMENT_DIFF_MAX": 1278.9738219976425,
  "AMT_ANNUITY": 1948.4732793569565,
  "PREV_INTEREST_SHARE_MAX": 2343.6923085451126,
  "DAYS_ID_PUBLISH": 2973.1930820941925,
  "INSTAL_DAYS_PAYMENT_RATIO_MAX": 1848.3212454319,
  "DAYS_EMPLOYED": 2605.1327686309814,
  "POS_REMAINING_INSTALMENTS": 1079.8945760726929,
  "INSTAL_AMT_INSTALMENT_SUM": 1540.2722972631454,
  "AMT_CREDIT": 1533.0873596668243,
  "ANNUITY_INCOME_PERC": 1663.1015511751175,
  "INSTAL_DAYS_INSTALMENT_MIN": 1229.0765118598938,
  "POS_MONTHS_BALANCE_SIZE": 1246.002667427063,
  "REGION_POPULATION_RELATIVE": 1406.492018699646,
  "INSTAL_AMT_INSTALMENT_MAX": 1383.045953631401,
  "PREV_AMT_CREDIT_GOODS_RATIO_MEAN": 1154.2794592380524,
  "INS_D365DAYS_PAYMENT_DIFF_MIN": 1236.3905396461487,
  "DAYS_REGISTRATION": 2092.265094280243,